last_name, first_name,player_id,year,xba,exit_velocity_avg,barrel_batted_rate,
Peralta, David,444482,2021,.217,89.7,6.1,
Ramos, Wilson,467092,2021,.260,94.4,14.3,
Santana, Carlos,467793,2021,.294,91.6,16,
Brantley Jr., Michael,488726,2021,.360,90.9,11.1,
Escobar, Eduardo,500871,2021,.250,86.8,13,
Pham, Tommy,502054,2021,.241,91.8,13,
Gonzalez, Marwin,503556,2021,.238,87.3,2.5,
Hernandez, Cesar,514917,2021,.275,88.9,10.6,
Freeman, Freddie,518692,2021,.317,93.6,12.7,
LeMahieu, DJ,518934,2021,.288,89.7,3.8,
Rizzo, Anthony,519203,2021,.274,90.4,4.2,
Garcia, Avisail,541645,2021,.314,94.2,15.6,
Ozuna, Marcell,542303,2021,.215,89.2,8.9,
Aguilar, Jesus,542583,2021,.253,87.8,2,
Crawford, Brandon,543063,2021,.253,88.4,13.3,
Cron, C.J.,543068,2021,.236,88.2,11.1,
Semien, Marcus,543760,2021,.185,91,7.7,
Shaw, Travis,543768,2021,.256,86.6,11.9,
Harper, Bryce,547180,2021,.395,92.7,20.9,
Abreu, Jose,547989,2021,.203,92.5,9.1,
Hernandez, Enrique,571771,2021,.248,88.8,10.2,
Muncy, Max,571970,2021,.298,88.4,6.8,
Myers, Wil,571976,2021,.242,85.6,11.9,
Dickerson, Corey,572816,2021,.290,85,2.2,
Yastrzemski, Mike,573262,2021,.164,87.2,7.1,
Iglesias, Jose,578428,2021,.288,88.2,4,
Judge, Aaron,592450,2021,.349,97.8,19.5,
Moran, Colin,592567,2021,.296,90.5,14,
Pederson, Joc,592626,2021,.170,88.6,6.3,
Realmuto, J.T.,592663,2021,.301,89.8,13.5,
Merrifield, Whit,593160,2021,.312,89.3,3.2,
Polanco, Jorge,593871,2021,.287,88.9,3.6,
Duvall, Adam,594807,2021,.206,92,13.2,
Eaton, Adam,594809,2021,.245,85.9,6.4,
Baez, Javier,595879,2021,.191,91.3,15.2,
Cave, Jake,595909,2021,.216,87.7,3.4,
Evans, Phillip,595943,2021,.304,92.2,10.9,
Story, Trevor,596115,2021,.292,90.6,11.5,
Anderson, Brian,605119,2021,.224,88,11.1,
Reyes, Franmil,614177,2021,.269,95.4,18.4,
Taylor, Chris,621035,2021,.263,93.4,17.1,
Correa, Carlos,621043,2021,.339,91.5,7.4,
Santander, Anthony,623993,2021,.252,93.5,9.5,
Frazier, Adam,624428,2021,.309,84.4,0,
Soler, Jorge,624585,2021,.221,94.9,12.9,
Crawford, J.P.,641487,2021,.213,84.4,0,
Benintendi, Andrew,643217,2021,.229,89.7,4.5,
Ohtani, Shohei,660271,2021,.311,93.5,27.5,
Acuna Jr., Ronald,660670,2021,.395,95.6,18.9,
Fletcher, David,664058,2021,.282,81.3,0,
Moore, Dylan,664238,2021,.183,87.5,12.5,
Chisholm Jr. Jr., Jazz,665862,2021,.275,91.4,25.8,
Carlson, Dylan,666185,2021,.213,87.4,9.8,
Gurriel Jr., Lourdes,666971,2021,.254,88,4.8,
Hiura, Keston,669374,2021,.175,90,10.3,
Lopez, Nicky,670032,2021,.235,85.8,0,
Robert, Luis,673357,2021,.302,90.2,13,
Molina, Yadier,425877,2021,.284,89.6,10.6,
Cabrera, Asdrubal,452678,2021,.232,87.5,8.2,
Upton, Justin,457708,2021,.259,92.7,14.3,
Votto, Joey,458015,2021,.316,92.5,12.3,
Lowrie, Jed,476704,2021,.361,92.6,11.8,
Gurriel, Yuli,493329,2021,.297,92.8,5.8,
Rojas, Miguel,500743,2021,.282,84.1,1.9,
Segura, Jean,516416,2021,.260,87.5,5.9,
Castro, Starlin,516770,2021,.242,85.6,4,
d'Arnaud, Travis,518595,2021,.242,90.6,11.4,
Vazquez, Christian,543877,2021,.256,87.3,4.1,
Schoop, Jonathan,570731,2021,.207,86.9,5.1,
Taylor, Michael A.,572191,2021,.307,92.7,12.2,
Castellanos, Nick,592206,2021,.371,90.5,12,
Rosario, Eddie,592696,2021,.229,88.4,6.4,
Sano, Miguel,593934,2021,.143,86.6,8,
Lindor, Francisco,596019,2021,.268,87.9,2.3,
Slater, Austin,596103,2021,.198,85.5,10,
Gallo, Joey,608336,2021,.208,91.6,3.2,
Dahl, David,621311,2021,.226,85.3,6.5,
Wendle, Joey,621563,2021,.288,91.3,5.8,
Hampson, Garrett,641658,2021,.208,84.6,2.3,
Mancini III, Trey,641820,2021,.255,88,14.6,
McMahon, Ryan,641857,2021,.260,91.8,9.1,
Adames, Willy,642715,2021,.235,89.6,11.4,
Kiner-Falefa, Isiah,643396,2021,.259,89.8,3.2,
Devers, Rafael,646240,2021,.336,94.2,21.3,
Arraez, Luis,650333,2021,.333,91.4,4.2,
Torres, Gleyber,650402,2021,.201,82.8,6.8,
Castro, Willi,650489,2021,.255,86.8,4.1,
Diaz, Yandy,650490,2021,.286,89.6,6.4,
Verdugo, Alex,657077,2021,.322,89.5,7.1,
Moncada, Yoan,660162,2021,.238,85.9,7.7,
Tsutsugo, Yoshi,660294,2021,.192,89.3,2.9,
Mountcastle, Ryan,663624,2021,.190,89.8,11.6,
Lowe, Nate,663993,2021,.262,90.3,17,
France, Ty,664034,2021,.313,88.5,15.9,
Straw, Myles,664702,2021,.268,86.1,0,
Soto, Juan,665742,2021,.363,94.1,18.2,
Cruz Jr., Nelson,443558,2021,.337,94.7,26.2,
Blackmon, Charlie,453568,2021,.271,88.4,9.5,
McCutchen, Andrew,457705,2021,.228,87.1,2.5,
Marte, Starling,516782,2021,.309,89.9,9.1,
Galvis, Freddy,520471,2021,.223,87.8,4.7,
Perez, Salvador,521692,2021,.292,92.9,16.3,
Hicks, Aaron,543305,2021,.214,87.7,8.1,
Grichuk, Randal,545341,2021,.249,90.9,10.6,
Ruiz, Rio,547004,2021,.193,86.4,6.3,
Polanco, Gregory,570256,2021,.213,90.6,16.1,
Urshela, Gio,570482,2021,.273,90.7,4.4,
Arenado, Nolan,571448,2021,.255,89.2,10.5,
Haniger, Mitch,571745,2021,.302,88.7,12.3,
Seager, Kyle,572122,2021,.254,89.4,13.7,
Canha, Mark,592192,2021,.227,87.1,14.3,
Franco, Maikel,596748,2021,.237,89.2,5.6,
Bradley Jr. Jr., Jackie,598265,2021,.215,89.3,2.4,
Mercedes, Yermin,606213,2021,.319,88,12.2,
Turner, Trea,607208,2021,.304,90.9,10.4,
Ramirez, Jose,608070,2021,.312,91.3,11.3,
Seager, Corey,608369,2021,.330,92.5,14.5,
Swanson, Dansby,621020,2021,.242,90.2,9.3,
Newman, Kevin,621028,2021,.200,83.6,0,
Margot, Manuel,622534,2021,.259,88.6,7.5,
Cronenworth, Jake,630105,2021,.267,87.1,4.4,
Robles, Victor,645302,2021,.229,85.8,2.9,
Naylor, Josh,647304,2021,.255,90.1,7.7,
Chapman, Matt,656305,2021,.195,87.5,14,
Hoskins, Rhys,656555,2021,.237,92,15.2,
DeJong, Paul,657557,2021,.228,87.4,18.9,
Laureano, Ramon,657656,2021,.246,89.3,11.1,
Fuentes, Josh,658069,2021,.189,83.9,0,
Riley, Austin,663586,2021,.214,84.7,2.5,
Madrigal, Nick,663611,2021,.266,86.3,0,
Lowe, Brandon,664040,2021,.217,87.6,14,
Bohm, Alec,664761,2021,.273,93.2,8.5,
Walsh, Jared,665120,2021,.284,88.2,12.2,
Bichette, Bo,666182,2021,.238,90.3,15.1,
Trammell, Taylor,666211,2021,.158,84,11.5,
Reynolds, Bryan,668804,2021,.313,88.3,10.4,
Edman, Tommy,669242,2021,.282,87.2,1.5,
Solak, Nick,669256,2021,.271,89.1,13,
Longoria, Evan,446334,2021,.326,96.1,19.5,
Turner, Justin,457759,2021,.276,88.7,14.3,
Andrus, Elvis,462101,2021,.219,87.7,2,
Martinez, J.D.,502110,2021,.311,92.9,17,
Goldschmidt, Paul,502671,2021,.287,93.2,7.4,
Heyward, Jason,518792,2021,.199,91.3,2.6,
Stanton, Giancarlo,519317,2021,.212,95.8,13.9,
Grossman, Robbie,543257,2021,.231,84.9,5.4,
Hosmer, Eric,543333,2021,.300,90.8,3.3,
Gregorius, Didi,544369,2021,.243,82.3,4.7,
Trout, Mike,545361,2021,.346,95.3,25,
Narvaez, Omar,553882,2021,.340,88.6,9.5,
Suarez, Eugenio,553993,2021,.161,85.7,12.1,
Naquin, Tyler,571980,2021,.316,96,18.9,
Contreras, Willson,575929,2021,.240,87.8,17.1,
Bryant, Kris,592178,2021,.250,89.4,14,
Machado, Manny,592518,2021,.293,95.2,12.5,
Bogaerts, Xander,593428,2021,.309,86.3,7.7,
Profar, Jurickson,595777,2021,.249,84.8,0,
Candelario, Jeimer,600869,2021,.242,87.6,2,
Betts, Mookie,605141,2021,.279,87.4,4.8,
Tapia, Raimel,606132,2021,.267,85.7,3.8,
Olson, Matt,621566,2021,.317,92.8,19.1,
Biggio, Cavan,624415,2021,.134,89.7,3.3,
Meadows, Austin,640457,2021,.275,92,14.9,
Locastro, Tim,641796,2021,.252,82.7,2.5,
Albies, Ozzie,645277,2021,.315,89.6,4.1,
McKinstry, Zach,656716,2021,.271,89.3,9.8,
Mullins II, Cedric,656775,2021,.276,90,2,
Tucker, Kyle,663656,2021,.281,90.7,12.5,
India, Jonathan,663697,2021,.206,85.3,7.9,
Happ, Ian,664023,2021,.226,90.8,11.1,
Guerrero Jr., Vladimir,665489,2021,.360,94.6,10.2,
Arozarena, Randy,668227,2021,.202,92.4,4.5,
Martinez, Victor,400121,2018,.266,87.8,4.7,
Mauer, Joe,408045,2018,.288,91.1,5,
Choo, Shin-Soo,425783,2018,.249,89.3,11.1,
Molina, Yadier,425877,2018,.266,88.2,5.5,
Encarnacion, Edwin,429665,2018,.241,89.9,11.2,
Jones, Adam,430945,2018,.266,88.4,4.9,
Kinsler, Ian,435079,2018,.248,85.3,3.1,
Desmond, Ian,435622,2018,.227,90.1,7,
Cruz Jr., Nelson,443558,2018,.281,93.9,13.8,
Peralta, David,444482,2018,.278,91.5,7.8,
Escobar, Alcides,444876,2018,.236,84.6,2.1,
Jay, Jon,445055,2018,.248,85.2,1.8,
Longoria, Evan,446334,2018,.250,88.5,7.8,
Davis, Chris,448801,2018,.187,89.5,10.3,
Zobrist, Ben,450314,2018,.270,89.9,3,
Cabrera, Asdrubal,452678,2018,.249,90,7.5,
Blackmon, Charlie,453568,2018,.275,87.5,6.5,
Markakis, Nick,455976,2018,.292,90.6,3.1,
Nunez, Eduardo,456488,2018,.257,88.4,3.4,
Cain, Lorenzo,456715,2018,.282,89.1,3.4,
McCutchen, Andrew,457705,2018,.259,90,8.4,
Upton, Justin,457708,2018,.249,90.9,14,
Votto, Joey,458015,2018,.286,88.3,6.9,
Gardner, Brett,458731,2018,.226,88.1,3,
Gordon, Alex,460086,2018,.252,88.5,6.8,
Kemp, Matt,461314,2018,.267,89.8,11,
Santana, Carlos,467793,2018,.242,88.9,6.9,
Gonzalez, Carlos,471865,2018,.245,89.7,6.2,
Alonso, Yonder,475174,2018,.249,87.8,9.8,
Smoak, Justin,475253,2018,.223,89.5,10.8,
Lowrie, Jed,476704,2018,.246,89.2,5.3,
Brantley Jr., Michael,488726,2018,.300,90.2,3.5,
Gurriel, Yuli,493329,2018,.258,89.3,1.9,
Solarte, Yangervis,500208,2018,.254,87.1,5,
Rojas, Miguel,500743,2018,.264,84.7,0.9,
Escobar, Eduardo,500871,2018,.244,86.7,8.3,
Martinez, Jose,500874,2018,.301,91,9.4,
Davis, Khris,501981,2018,.245,92.5,17.2,
Pham, Tommy,502054,2018,.287,93,10.1,
Martinez, J.D.,502110,2018,.307,93,16.3,
Goldschmidt, Paul,502671,2018,.271,90.8,13.6,
Gonzalez, Marwin,503556,2018,.242,89.1,7,
Altuve, Jose,514888,2018,.287,87.2,6.1,
Hernandez, Cesar,514917,2018,.235,86,4.4,
Segura, Jean,516416,2018,.270,87.8,3.6,
Castro, Starlin,516770,2018,.256,88.6,6.9,
Marte, Starling,516782,2018,.262,88.5,7.5,
Dietrich, Derek,518618,2018,.237,87.6,6.1,
Freeman, Freddie,518692,2018,.296,89.1,9.3,
Grandal, Yasmani,518735,2018,.219,89,11.6,
LeMahieu, DJ,518934,2018,.275,91.4,5.2,
Moustakas, Mike,519058,2018,.257,89.5,8.8,
Rizzo, Anthony,519203,2018,.286,90.1,6.7,
Stanton, Giancarlo,519317,2018,.244,93.8,15.4,
Galvis, Freddy,520471,2018,.214,88.7,4.1,
Perez, Salvador,521692,2018,.258,91.4,10.8,
Inciarte, Ender,542255,2018,.251,84.9,1.5,
Ozuna, Marcell,542303,2018,.284,91.5,9.7,
Villar, Jonathan,542340,2018,.221,88.5,5.1,
Aguilar, Jesus,542583,2018,.253,89.7,11.4,
Crawford, Brandon,543063,2018,.250,87.5,3.6,
Cron, C.J.,543068,2018,.247,88,12.2,
Hicks, Aaron,543305,2018,.259,89.7,8.8,
Hosmer, Eric,543333,2018,.241,88.7,5.9,
Kipnis, Jason,543401,2018,.232,86.9,6.6,
Rendon, Anthony,543685,2018,.298,90.6,10.1,
Semien, Marcus,543760,2018,.239,86.8,4.5,
Shaw, Travis,543768,2018,.243,88.9,10.3,
Springer III, George,543807,2018,.253,88.7,8.9,
Strange-Gordon, Dee,543829,2018,.255,83.6,0.2,
Gregorius, Didi,544369,2018,.255,87,4.7,
Trout, Mike,545361,2018,.294,91.2,16.8,
Herrera, Odubel,546318,2018,.226,87.1,4.9,
Harper, Bryce,547180,2018,.261,91,11.5,
Abreu, Jose,547989,2018,.277,91.3,9.1,
Suarez, Eugenio,553993,2018,.275,91.2,9.7,
Polanco, Gregory,570256,2018,.243,88.9,9.4,
Sanchez, Yolmer,570560,2018,.233,86.7,3,
Arenado, Nolan,571448,2018,.264,89.8,7.2,
Barnhart, Tucker,571466,2018,.238,87.1,3.5,
Gennett, Scooter,571697,2018,.256,87.4,6,
Hamilton, Billy,571740,2018,.217,80.5,0.5,
Haniger, Mitch,571745,2018,.276,90.2,10.3,
Piscotty, Stephen,572039,2018,.266,88.5,9.6,
Seager, Kyle,572122,2018,.246,89.8,5.6,
Carpenter, Matt,572761,2018,.265,90.7,13.7,
Dickerson, Corey,572816,2018,.284,88.1,6.1,
Dozier, Brian,572821,2018,.200,86.8,6.3,
Contreras, Willson,575929,2018,.214,88.2,7.3,
Castellanos, Nick,592206,2018,.296,89.6,11.2,
Healy, Ryon,592387,2018,.257,89.6,7.1,
Machado, Manny,592518,2018,.287,91.6,11.3,
Realmuto, J.T.,592663,2018,.270,89.1,9,
Rosario, Eddie,592696,2018,.236,87.7,8.3,
Simmons, Andrelton,592743,2018,.273,88.2,4.1,
Yelich, Christian,592885,2018,.316,92.6,12.9,
Merrifield, Whit,593160,2018,.280,87.1,4.8,
Bogaerts, Xander,593428,2018,.277,90.6,9.8,
Calhoun, Kole,594777,2018,.247,90.7,9.3,
Profar, Jurickson,595777,2018,.250,87.4,5,
Baez, Javier,595879,2018,.262,90.6,12.6,
Lindor, Francisco,596019,2018,.286,90.6,9.5,
Odor, Rougned,596059,2018,.234,90.7,7.1,
Story, Trevor,596115,2018,.265,91,12.7,
Kepler, Max,596146,2018,.230,89.5,6.6,
Bradley Jr. Jr., Jackie,598265,2018,.260,92.2,10.3,
Candelario, Jeimer,600869,2018,.206,87.1,6,
Ahmed, Nick,605113,2018,.238,86.9,5.1,
Anderson, Brian,605119,2018,.260,90.2,5.8,
Bell, Josh,605137,2018,.255,90.2,7,
Betts, Mookie,605141,2018,.307,92.2,14.1,
Smith, Mallex,605480,2018,.251,85.8,1.5,
Hernandez, Teoscar,606192,2018,.234,91.8,15.5,
Peraza, Jose,606299,2018,.267,85.8,2.5,
Marte, Ketel,606466,2018,.256,88.9,5.2,
Nimmo, Brandon,607043,2018,.241,90,6.8,
Turner, Trea,607208,2018,.268,89.1,5.8,
Pillar, Kevin,607680,2018,.280,87.3,5.7,
Ramirez, Jose,608070,2018,.256,89,8.3,
Bregman, Alex,608324,2018,.270,89.4,7.6,
Gallo, Joey,608336,2018,.233,94.4,22.9,
Mazara, Nomar,608577,2018,.258,90.5,8.5,
Andujar, Miguel,609280,2018,.273,89.1,6.3,
Swanson, Dansby,621020,2018,.230,88,4.1,
Taylor, Chris,621035,2018,.234,88.9,8.3,
Wendle, Joey,621563,2018,.260,88.8,2.7,
Olson, Matt,621566,2018,.252,93.3,12.6,
Duffy, Matt,622110,2018,.269,86.8,1.2,
Margot, Manuel,622534,2018,.248,89.4,3.3,
Camargo, Johan,622666,2018,.236,88.1,5,
Conforto, Michael,624424,2018,.240,88,9.5,
Anderson, Tim,641313,2018,.225,85.9,4.7,
Bellinger, Cody,641355,2018,.235,89.8,8.6,
Mancini III, Trey,641820,2018,.251,89.9,11.8,
Rosario, Amed,642708,2018,.248,87.7,3.9,
Benintendi, Andrew,643217,2018,.282,88.6,6.4,
Albies, Ozzie,645277,2018,.249,86.9,4.7,
Chapman, Matt,656305,2018,.256,93.1,8.9,
Hoskins, Rhys,656555,2018,.229,89,11.4,
Schwarber, Kyle,656941,2018,.240,90.7,12.7,
Moncada, Yoan,660162,2018,.211,91,9.6,
Ortiz, David,120074,2016,.304,93.2,15.5,
Beltre, Adrian,134181,2016,.288,90.1,8.5,
Beltran, Carlos,136860,2016,.266,90.1,6.8,
Werth, Jayson,150029,2016,.241,91.4,7.4,
Martinez, Victor,400121,2016,.283,90,8.4,
Utley, Chase,400284,2016,.255,87.7,4.3,
Pujols, Albert,405395,2016,.279,91.6,9.2,
Mauer, Joe,408045,2016,.276,89.8,6,
Cabrera, Miguel,408234,2016,.329,93.6,15.9,
Gonzalez, Adrian,408236,2016,.270,88.2,4.6,
Phillips, Brandon,408252,2016,.259,86.4,2.7,
Upton Jr., B.J.,425834,2016,.230,88.3,5.8,
Molina, Yadier,425877,2016,.277,87.7,3.6,
Cano, Robinson,429664,2016,.280,90.1,7.3,
Encarnacion, Edwin,429665,2016,.261,90.8,12.3,
Bautista, Jose,430832,2016,.251,91.5,8.3,
Jones, Adam,430945,2016,.257,88.7,8,
Martin, Russell,431145,2016,.221,89.2,9.3,
Granderson, Curtis,434158,2016,.242,87.8,6.9,
Pagan, Angel,434636,2016,.278,85.7,3,
Ramirez, Hanley,434670,2016,.256,90.6,10.4,
Morales, Kendrys,434778,2016,.288,92.8,10.8,
Kendrick III, Howie,435062,2016,.263,90.5,5.8,
Napoli, Mike,435063,2016,.218,89.6,13.3,
Kinsler, Ian,435079,2016,.263,87.1,3.8,
Desmond, Ian,435622,2016,.257,90.7,7.5,
Cruz Jr., Nelson,443558,2016,.274,94.6,16.5,
Trumbo, Mark,444432,2016,.262,92.8,15.6,
Escobar, Alcides,444876,2016,.241,84,1.4,
Prado, Martin,445988,2016,.279,87.9,1.3,
Longoria, Evan,446334,2016,.266,90.8,12.1,
Cozart, Zack,446359,2016,.236,86.3,2.3,
Davis, Chris,448801,2016,.218,91.1,15.1,
Zobrist, Ben,450314,2016,.271,89.2,4.5,
Fowler, Dexter,451594,2016,.250,88.1,5.6,
Headley, Chase,452104,2016,.239,87.3,5.9,
Span, Denard,452655,2016,.270,86,2.8,
Cabrera, Asdrubal,452678,2016,.249,89,5.7,
Ellsbury, Jacoby,453056,2016,.265,86.9,1.7,
Tulowitzki, Troy,453064,2016,.265,90,9.6,
Blackmon, Charlie,453568,2016,.290,87.7,6.8,
Frazier, Todd,453943,2016,.217,89,10.1,
Markakis, Nick,455976,2016,.274,90.7,4.9,
Pedroia, Dustin,456030,2016,.283,88.6,2.5,
Nunez, Eduardo,456488,2016,.250,89.6,4.4,
McCutchen, Andrew,457705,2016,.251,89.6,8.5,
Upton, Justin,457708,2016,.249,91.2,12.2,
Turner, Justin,457759,2016,.274,90.6,8.8,
Posey III, Buster,457763,2016,.282,90.5,6.9,
Espinosa, Danny,457787,2016,.186,90.1,8.2,
Bruce, Jay,457803,2016,.249,88.8,8.4,
Votto, Joey,458015,2016,.298,89.5,9.7,
Gardner, Brett,458731,2016,.250,86.5,2.4,
Saunders, Michael,459431,2016,.232,90,7.7,
Braun, Ryan,460075,2016,.278,90,8.4,
Gordon, Alex,460086,2016,.228,87.8,8.7,
Kemp, Matt,461314,2016,.265,88.2,11.1,
Andrus, Elvis,462101,2016,.277,87.4,1.8,
Cabrera, Melky,466320,2016,.273,89.5,2.1,
Ramos, Wilson,467092,2016,.273,90.8,7.4,
Santana, Carlos,467793,2016,.273,90.8,9.8,
Gonzalez, Carlos,471865,2016,.271,90.2,8.6,
Mercer, Jordy,474568,2016,.237,86.9,2.2,
Belt, Brandon,474832,2016,.258,87.2,11.3,
Carter, Chris,474892,2016,.235,91.7,17.6,
Alonso, Yonder,475174,2016,.256,88.6,4.1,
Escobar, Yunel,488862,2016,.274,89.3,2.8,
Cespedes, Yoenis,493316,2016,.281,91.7,9.8,
Ramirez, Alexei,493351,2016,.240,84.5,0.5,
Davis, Khris,501981,2016,.248,92,17,
Martinez, J.D.,502110,2016,.292,91.5,14.2,
Valencia, Danny,502143,2016,.275,90.1,7.8,
Murphy, Daniel,502517,2016,.313,90.7,8.5,
Goldschmidt, Paul,502671,2016,.268,91,7.8,
Gonzalez, Marwin,503556,2016,.222,89.3,5.4,
Altuve, Jose,514888,2016,.313,88.3,6.9,
Hernandez, Cesar,514917,2016,.257,87,1.8,
Segura, Jean,516416,2016,.267,89,5.9,
Castro, Starlin,516770,2016,.260,88.5,5.4,
Marte, Starling,516782,2016,.277,87.5,5.4,
Donaldson, Josh,518626,2016,.275,92.2,12.3,
Freeman, Freddie,518692,2016,.274,91.3,13.2,
Heyward, Jason,518792,2016,.249,86.8,3,
LeMahieu, DJ,518934,2016,.332,91.8,4.9,
Lucroy, Jonathan,518960,2016,.271,87.6,7.4,
Moreland, Mitch,519048,2016,.252,90.6,9.6,
Rizzo, Anthony,519203,2016,.258,89.1,9.2,
Vogt, Stephen,519390,2016,.256,85.9,5.1,
Galvis, Freddy,520471,2016,.224,87.4,2.8,
Perez, Salvador,521692,2016,.236,88.8,6.3,
Forsythe, Logan,523253,2016,.270,90,7.5,
Inciarte, Ender,542255,2016,.259,85.5,0.7,
Ozuna, Marcell,542303,2016,.272,90.8,7.8,
Villar, Jonathan,542340,2016,.235,90.3,6.4,
Crawford, Brandon,543063,2016,.242,88.9,5.4,
Harrison, Josh,543281,2016,.236,86.5,2.1,
Hosmer, Eric,543333,2016,.262,92,9.2,
Kipnis, Jason,543401,2016,.265,89.9,6.7,
Miller, Brad,543543,2016,.239,90.6,9.7,
Rendon, Anthony,543685,2016,.260,91.1,5.9,
Semien, Marcus,543760,2016,.218,88,6.7,
Shaw, Travis,543768,2016,.230,88.6,8,
Springer III, George,543807,2016,.256,89.4,10.5,
Gregorius, Didi,544369,2016,.247,86.1,2.9,
Trout, Mike,545361,2016,.296,90.9,14.4,
Herrera, Odubel,546318,2016,.232,87.7,4.2,
Harper, Bryce,547180,2016,.240,89,7.3,
Martin, Leonys,547982,2016,.218,87.6,5,
Abreu, Jose,547989,2016,.276,89.7,7.9,
Suarez, Eugenio,553993,2016,.233,86.6,6.3,
Polanco, Gregory,570256,2016,.269,89.9,6,
Schoop, Jonathan,570731,2016,.248,87.4,6.9,
Arenado, Nolan,571448,2016,.257,89.5,9,
Gennett, Scooter,571697,2016,.225,86.9,3.9,
Lamb, Jake,571875,2016,.243,91.3,11.5,
Myers, Wil,571976,2016,.251,88.6,7,
Piscotty, Stephen,572039,2016,.260,88.3,8.6,
Seager, Kyle,572122,2016,.287,90.4,9,
Carpenter, Matt,572761,2016,.283,90.7,11.3,
Dickerson, Corey,572816,2016,.232,89,11.1,
Dozier, Brian,572821,2016,.231,88.1,8.3,
Iglesias, Jose,578428,2016,.245,83.6,0.7,
Hechavarria, Adeiny,588751,2016,.262,88.1,1.1,
Bryant, Kris,592178,2016,.264,89.3,11.7,
Machado, Manny,592518,2016,.289,90.3,9.3,
Realmuto, J.T.,592663,2016,.264,88.6,3.9,
Yelich, Christian,592885,2016,.298,92.6,9.7,
Bogaerts, Xander,593428,2016,.254,89,5.3,
Calhoun, Kole,594777,2016,.267,89.8,6.2,
Duvall, Adam,594807,2016,.246,88.6,12.1,
Eaton, Adam,594809,2016,.259,89,3.1,
Lindor, Francisco,596019,2016,.285,88.7,4.1,
Odor, Rougned,596059,2016,.246,89.6,7.8,
Cuthbert, Cheslor,596144,2016,.231,89.3,2.4,
Franco, Maikel,596748,2016,.257,89.5,6.9,
Bradley Jr. Jr., Jackie,598265,2016,.242,90.3,8.6,
Betts, Mookie,605141,2016,.275,89.7,5.2,
Panik, Joe,605412,2016,.247,86.3,4.5,
Pillar, Kevin,607680,2016,.253,87.1,3,
Ramirez, Jose,608070,2016,.287,88.4,3,
Russell, Addison,608365,2016,.229,87.6,9.3,
Seager, Corey,608369,2016,.302,91.1,8.3,
Mazara, Nomar,608577,2016,.261,88,6.8,
Garcia, Adonis,611177,2016,.276,89,5.2,
Correa, Carlos,621043,2016,.280,91,7.7,
Tomas, Yasmany,630111,2016,.272,90.6,10.6,
Hunter, Torii,116338,2015,.230,88.5,5,
Ortiz, David,120074,2015,.299,93,13.1,
Rodriguez, Alex,121347,2015,.245,91.3,10.9,
Ramirez, Aramis,133380,2015,.237,87.4,5.6,
Beltre, Adrian,134181,2015,.293,89.5,5.5,
Beltran, Carlos,136860,2015,.269,90.6,5.8,
Rollins, Jimmy,276519,2015,.224,85.8,2.5,
Pujols, Albert,405395,2015,.263,90.7,7.7,
Byrd, Marlon,407781,2015,.227,86.4,8.5,
Mauer, Joe,408045,2015,.274,89.5,3.7,
Cabrera, Miguel,408234,2015,.318,93.8,10.6,
Gonzalez, Adrian,408236,2015,.273,88.7,8.1,
Phillips, Brandon,408252,2015,.277,86.3,2.3,
Reyes, Jose,408314,2015,.235,84.6,0.2,
Peralta, Jhonny,425509,2015,.263,88.1,4.4,
Choo, Shin-Soo,425783,2015,.250,90.9,8.4,
Molina, Yadier,425877,2015,.232,86.4,2.3,
Fielder, Prince,425902,2015,.274,90.9,6.4,
Cano, Robinson,429664,2015,.290,91,7.3,
Encarnacion, Edwin,429665,2015,.262,90,10,
Howard, Ryan,429667,2015,.264,91.3,11.7,
Bautista, Jose,430832,2015,.257,92,12.6,
Jones, Adam,430945,2015,.261,88.2,8.9,
Aybar, Erick,430947,2015,.262,85.7,0.9,
Martin, Russell,431145,2015,.231,89.2,8.2,
Granderson, Curtis,434158,2015,.251,89.4,8.1,
Pagan, Angel,434636,2015,.241,86.3,0.7,
Morales, Kendrys,434778,2015,.277,92,8.9,
Kinsler, Ian,435079,2015,.268,86.1,2.7,
McCann, Brian,435263,2015,.215,89.5,5.3,
Walker, Neil,435522,2015,.248,88.9,4.8,
Desmond, Ian,435622,2015,.214,90.9,6.9,
Cruz Jr., Nelson,443558,2015,.280,92.6,14.1,
Trumbo, Mark,444432,2015,.248,92,9.8,
Peralta, David,444482,2015,.275,91.6,8,
Escobar, Alcides,444876,2015,.254,84.6,0.9,
Prado, Martin,445988,2015,.270,89,2.3,
Duda, Lucas,446263,2015,.248,92,11.6,
Longoria, Evan,446334,2015,.258,89.6,8.5,
Davis, Chris,448801,2015,.259,92,17.3,
Zobrist, Ben,450314,2015,.256,88.6,3.6,
Fowler, Dexter,451594,2015,.227,87.2,4.5,
Headley, Chase,452104,2015,.256,86.8,5.1,
Lind, Adam,452252,2015,.242,89.5,7.2,
Cabrera, Asdrubal,452678,2015,.223,88.3,5.4,
Tulowitzki, Troy,453064,2015,.251,90,5.3,
Blackmon, Charlie,453568,2015,.251,86.9,3.9,
Frazier, Todd,453943,2015,.243,89.6,9,
Markakis, Nick,455976,2015,.259,88.3,0.8,
Butler, Billy,456714,2015,.244,89.4,7.5,
Cain, Lorenzo,456715,2015,.292,90.2,5.5,
McCutchen, Andrew,457705,2015,.285,90.6,9.3,
Jackson, Austin,457706,2015,.254,89.6,3.8,
Upton, Justin,457708,2015,.227,89.9,10.3,
Maybin, Cameron,457727,2015,.263,88.2,2.7,
Posey III, Buster,457763,2015,.298,89,6.1,
Bruce, Jay,457803,2015,.231,89.8,8.1,
Votto, Joey,458015,2015,.282,90.1,10.7,
Coghlan, Chris,458085,2015,.240,88.5,5.5,
Gardner, Brett,458731,2015,.250,88.8,4,
Braun, Ryan,460075,2015,.279,92.2,10.7,
Moss, Brandon,461235,2015,.225,89.1,11.7,
Kemp, Matt,461314,2015,.257,89.5,8.3,
Plouffe, Trevor,461858,2015,.248,89.8,7.9,
Andrus, Elvis,462101,2015,.240,87.3,1.5,
Cervelli, Francisco,465041,2015,.256,88.2,4.1,
Cabrera, Melky,466320,2015,.266,89.6,2.4,
Sandoval, Pablo,467055,2015,.222,88,4.8,
Ramos, Wilson,467092,2015,.247,90.6,6.3,
Santana, Carlos,467793,2015,.239,89.2,7.2,
Parra, Gerardo,467827,2015,.252,88.2,3.2,
Gonzalez, Carlos,471865,2015,.248,90.3,10.5,
Belt, Brandon,474832,2015,.264,89.8,10,
Brantley Jr., Michael,488726,2015,.287,89,3.9,
Escobar, Yunel,488862,2015,.276,89.7,2.8,
Morrison, Logan,489149,2015,.251,89.9,6.9,
Cespedes, Yoenis,493316,2015,.290,92.2,11.1,
Ramirez, Alexei,493351,2015,.238,84.7,1,
Solarte, Yangervis,500208,2015,.245,88.1,2.1,
Martinez, J.D.,502110,2015,.276,91.3,17.3,
Reddick, Josh,502210,2015,.262,88.4,5,
Murphy, Daniel,502517,2015,.280,89.9,4.7,
Goldschmidt, Paul,502671,2015,.274,92,12.5,
Altuve, Jose,514888,2015,.259,86.1,3.1,
Segura, Jean,516416,2015,.234,86.9,1.3,
Castro, Starlin,516770,2015,.238,86.3,4.3,
Marte, Starling,516782,2015,.269,87.8,6.7,
Donaldson, Josh,518626,2015,.276,92.5,12.2,
Heyward, Jason,518792,2015,.253,89.1,2.8,
LeMahieu, DJ,518934,2015,.265,90.5,1.9,
Moreland, Mitch,519048,2015,.276,91.4,10.4,
Moustakas, Mike,519058,2015,.257,89.4,6.4,
Norris, Derek,519083,2015,.218,87.1,2.3,
Revere, Ben,519184,2015,.275,83.1,0,
Rizzo, Anthony,519203,2015,.272,88.7,8,
Vogt, Stephen,519390,2015,.244,86.9,5.6,
Galvis, Freddy,520471,2015,.231,86.1,2.1,
Perez, Salvador,521692,2015,.256,87.3,5.3,
Forsythe, Logan,523253,2015,.248,88.4,3.7,
Flores, Wilmer,527038,2015,.234,86.4,1.9,
Garcia, Avisail,541645,2015,.263,88.6,5,
Inciarte, Ender,542255,2015,.247,85.5,1.3,
Burns, Billy,542993,2015,.229,83.2,0.5,
Crawford, Brandon,543063,2015,.252,90.3,8.7,
Giavotella, Johnny,543213,2015,.255,85.8,1,
Gose, Anthony,543238,2015,.220,88.2,2.3,
Hosmer, Eric,543333,2015,.286,89.8,7.1,
Kipnis, Jason,543401,2015,.286,89.4,2.8,
Lawrie, Brett,543434,2015,.245,90,4.7,
Semien, Marcus,543760,2015,.233,87.1,4.5,
Strange-Gordon, Dee,543829,2015,.252,84.4,1.1,
Wong, Kolten,543939,2015,.256,87.4,3,
Gregorius, Didi,544369,2015,.247,85.4,1.6,
Trout, Mike,545361,2015,.295,92.9,16.4,
Herrera, Odubel,546318,2015,.237,88.7,3.2,
Harper, Bryce,547180,2015,.291,91.4,13.2,
Abreu, Jose,547989,2015,.261,91,9.3,
Polanco, Gregory,570256,2015,.251,89.9,4.4,
Arenado, Nolan,571448,2015,.253,90.6,8.3,
Holt, Brock,571788,2015,.249,86.6,0.6,
Owings, Chris,572008,2015,.218,86.9,2.6,
Pollock, AJ,572041,2015,.291,88.9,5.7,
Seager, Kyle,572122,2015,.277,89.3,7,
Taylor, Michael A.,572191,2015,.222,88.7,6.3,
Carpenter, Matt,572761,2015,.274,89,9.1,
Dozier, Brian,572821,2015,.216,87.2,5.9,
Bryant, Kris,592178,2015,.233,89.7,11.5,
Castellanos, Nick,592206,2015,.254,88.3,7.7,
Machado, Manny,592518,2015,.263,91.4,7.6,
Pederson, Joc,592626,2015,.209,91.1,11.8,
Simmons, Andrelton,592743,2015,.267,86.5,1.2,
Yelich, Christian,592885,2015,.299,91.7,4.8,
Bogaerts, Xander,593428,2015,.266,88,2.5,
Calhoun, Kole,594777,2015,.243,86.2,6.8,
Eaton, Adam,594809,2015,.238,88.1,3.1,
Gattis, Evan,594828,2015,.242,88.9,7.1,
Kiermaier, Kevin,595281,2015,.264,87.6,2.4,
Betts, Mookie,605141,2015,.276,90.4,5.5,
Peterson, Jace,607054,2015,.239,87.1,3.3,
Pillar, Kevin,607680,2015,.252,85.8,1.8,
Russell, Addison,608365,2015,.202,86.7,5.2,
Duffy, Matt,622110,2015,.269,88,4,
Beltran, Carlos,136860,2017,.229,87.3,4.6,
Pujols, Albert,405395,2017,.260,88.7,5.4,
Mauer, Joe,408045,2017,.308,90.6,4.5,
Cabrera, Miguel,408234,2017,.279,91.1,10.5,
Phillips, Brandon,408252,2017,.268,84.6,2.4,
Reyes, Jose,408314,2017,.241,84.3,2.6,
Choo, Shin-Soo,425783,2017,.269,88.7,8.6,
Molina, Yadier,425877,2017,.269,87.9,5.9,
Cano, Robinson,429664,2017,.294,90.3,6.3,
Encarnacion, Edwin,429665,2017,.266,89.2,10.3,
Bautista, Jose,430832,2017,.207,88.4,6.4,
Jones, Adam,430945,2017,.261,86.9,6.4,
Granderson, Curtis,434158,2017,.223,87.7,10.9,
Ramirez, Hanley,434670,2017,.263,88.5,9.5,
Morales, Kendrys,434778,2017,.270,91.1,10,
Kinsler, Ian,435079,2017,.256,86.3,4.9,
Cruz Jr., Nelson,443558,2017,.287,93.2,14.2,
Trumbo, Mark,444432,2017,.235,89.7,7.1,
Peralta, David,444482,2017,.261,88,4.1,
Escobar, Alcides,444876,2017,.250,84,2.2,
Longoria, Evan,446334,2017,.249,86.7,5.2,
Cozart, Zack,446359,2017,.254,85.8,4.4,
Reynolds, Mark,448602,2017,.223,87.2,8.3,
Davis, Chris,448801,2017,.223,90,12.5,
Headley, Chase,452104,2017,.248,87.3,4.6,
Pence, Hunter,452254,2017,.254,89,5.8,
Span, Denard,452655,2017,.279,85.3,3.3,
Cabrera, Asdrubal,452678,2017,.262,87.2,4.7,
Blackmon, Charlie,453568,2017,.288,87.3,8.7,
Frazier, Todd,453943,2017,.229,87.5,9.3,
Markakis, Nick,455976,2017,.267,88.3,3.3,
Cain, Lorenzo,456715,2017,.299,89.1,3.5,
McCutchen, Andrew,457705,2017,.280,88.4,7.7,
Upton, Justin,457708,2017,.254,88.8,13.2,
Turner, Justin,457759,2017,.295,89.4,8.6,
Posey III, Buster,457763,2017,.276,88.7,3.5,
Bruce, Jay,457803,2017,.260,88.4,10.5,
Votto, Joey,458015,2017,.298,87.5,9.1,
Gardner, Brett,458731,2017,.267,86.4,3.8,
Joyce, Matt,459964,2017,.249,88.1,8.8,
Gordon, Alex,460086,2017,.221,86.3,4.5,
Andrus, Elvis,462101,2017,.264,86.5,4.2,
Cabrera, Melky,466320,2017,.296,88.3,3.8,
Santana, Carlos,467793,2017,.265,88.6,7.5,
Gonzalez, Carlos,471865,2017,.234,87.5,5.9,
Mercer, Jordy,474568,2017,.252,85.8,3.1,
Alonso, Yonder,475174,2017,.258,89.1,9.6,
Smoak, Justin,475253,2017,.277,89.6,13.6,
Zimmerman, Ryan,475582,2017,.287,91.4,12.2,
Lowrie, Jed,476704,2017,.287,88.9,6,
Morrison, Logan,489149,2017,.253,88.6,12.8,
Gurriel, Yuli,493329,2017,.285,90.1,3.4,
Solarte, Yangervis,500208,2017,.240,85.4,3.9,
Freese, David,501896,2017,.257,88.9,6.4,
Davis, Khris,501981,2017,.258,92.3,17.7,
Pham, Tommy,502054,2017,.283,89.6,9.3,
Reddick, Josh,502210,2017,.288,87.7,3.8,
Murphy, Daniel,502517,2017,.300,89.6,4.8,
Goldschmidt, Paul,502671,2017,.283,91.5,13.3,
Gonzalez, Marwin,503556,2017,.245,88.7,6.6,
Altuve, Jose,514888,2017,.286,86.1,6.7,
Hernandez, Cesar,514917,2017,.264,85.8,2.9,
Segura, Jean,516416,2017,.270,87.6,3.2,
Freeman, Freddie,518692,2017,.286,89.7,13.3,
LeMahieu, DJ,518934,2017,.303,89.3,1.9,
Moreland, Mitch,519048,2017,.269,89.3,12,
Moustakas, Mike,519058,2017,.267,87.4,8.6,
Rizzo, Anthony,519203,2017,.284,88.4,9.3,
Souza Jr., Steven,519306,2017,.236,88.8,11.5,
Stanton, Giancarlo,519317,2017,.278,91.9,17.4,
Thames, Eric,519346,2017,.227,88.2,11.1,
Galvis, Freddy,520471,2017,.239,86.3,2.4,
Garcia, Avisail,541645,2017,.294,90.3,8.8,
Inciarte, Ender,542255,2017,.258,82.8,0.5,
Ozuna, Marcell,542303,2017,.282,90.8,9.3,
Beckham, Tim,542921,2017,.258,88.4,9.5,
Crawford, Brandon,543063,2017,.240,87.5,5.8,
Harrison, Josh,543281,2017,.253,84.9,2.7,
Hosmer, Eric,543333,2017,.290,89.8,7,
Rendon, Anthony,543685,2017,.272,89.8,6.5,
Shaw, Travis,543768,2017,.251,88.6,7.4,
Springer III, George,543807,2017,.285,89.2,9.3,
Strange-Gordon, Dee,543829,2017,.248,81.6,0.2,
Gregorius, Didi,544369,2017,.257,84.4,3.6,
Trout, Mike,545361,2017,.294,88.8,13.3,
Herrera, Odubel,546318,2017,.257,87.2,6.2,
Abreu, Jose,547989,2017,.288,90.6,9.5,
Suarez, Eugenio,553993,2017,.261,86.3,6.9,
Santana, Domingo,570267,2017,.265,89.2,9.4,
Sanchez, Yolmer,570560,2017,.241,84.9,3.6,
Schoop, Jonathan,570731,2017,.270,87.9,7,
Arenado, Nolan,571448,2017,.278,88.8,8.5,
Hamilton, Billy,571740,2017,.232,80.5,0.4,
Joseph, Tommy,571830,2017,.238,89.2,7.3,
Lamb, Jake,571875,2017,.253,88.3,9.3,
Myers, Wil,571976,2017,.232,89.5,9.1,
Seager, Kyle,572122,2017,.255,88.3,8.6,
Carpenter, Matt,572761,2017,.253,89.7,8.2,
Dickerson, Corey,572816,2017,.258,87.2,7.5,
Dozier, Brian,572821,2017,.242,87.9,8.4,
Bryant, Kris,592178,2017,.259,87,9.6,
Castellanos, Nick,592206,2017,.290,89,10.5,
Gamel, Ben,592325,2017,.253,86.3,4.1,
Healy, Ryon,592387,2017,.246,88.2,7.1,
Judge, Aaron,592450,2017,.286,94.9,25.7,
Machado, Manny,592518,2017,.284,91.3,10.5,
Realmuto, J.T.,592663,2017,.277,88.2,6.3,
Rosario, Eddie,592696,2017,.263,87.2,7.4,
Simmons, Andrelton,592743,2017,.258,86.2,2.6,
Yelich, Christian,592885,2017,.284,90.6,7,
Merrifield, Whit,593160,2017,.271,87.6,5.1,
Bogaerts, Xander,593428,2017,.243,87.3,1.3,
Polanco, Jorge,593871,2017,.237,85,2.6,
Calhoun, Kole,594777,2017,.248,88.3,5.7,
Duvall, Adam,594807,2017,.225,87.3,8.9,
Schebler, Scott,594988,2017,.256,89.1,10.2,
Baez, Javier,595879,2017,.238,87.9,8.4,
Lindor, Francisco,596019,2017,.276,89,7.1,
Odor, Rougned,596059,2017,.228,89.1,6,
Story, Trevor,596115,2017,.215,89.4,10.5,
Sanchez, Gary,596142,2017,.283,90.8,11.5,
Kepler, Max,596146,2017,.243,88.7,4,
Franco, Maikel,596748,2017,.245,88.9,5.8,
Bradley Jr. Jr., Jackie,598265,2017,.244,88.3,7.8,
Bell, Josh,605137,2017,.258,87.6,6.4,
Betts, Mookie,605141,2017,.270,88.4,4.5,
Panik, Joe,605412,2017,.254,85,2.6,
Arcia, Orlando,606115,2017,.243,85.7,3.9,
Peraza, Jose,606299,2017,.278,82.7,1.7,
Pillar, Kevin,607680,2017,.267,86,3.4,
Ramirez, Jose,608070,2017,.299,88.2,5,
Bregman, Alex,608324,2017,.276,87.6,4.7,
Gallo, Joey,608336,2017,.224,93.3,22.1,
Seager, Corey,608369,2017,.300,89.7,8.5,
Mazara, Nomar,608577,2017,.247,89,6.5,
Swanson, Dansby,621020,2017,.242,86.9,3,
Taylor, Chris,621035,2017,.267,87,8,
Buxton, Byron,621439,2017,.230,88.1,5.6,
Margot, Manuel,622534,2017,.252,85.3,2.6,
Puig, Yasiel,624577,2017,.267,88.5,9.4,
Anderson, Tim,641313,2017,.243,85.6,5.1,
Bellinger, Cody,641355,2017,.253,90.8,12.2,
Mancini III, Trey,641820,2017,.263,88.6,10,
Benintendi, Andrew,643217,2017,.263,87.5,5.5,
Cabrera, Miguel,408234,2020,.285,93.2,9.7,
Peralta, David,444482,2020,.257,89.2,5,
Santana, Carlos,467793,2020,.250,88,6.7,
Brantley Jr., Michael,488726,2020,.260,88.7,4.9,
Escobar, Eduardo,500871,2020,.261,88.6,5.5,
Reddick, Josh,502210,2020,.245,85.9,4.8,
Gonzalez, Marwin,503556,2020,.240,89.2,5.1,
Hernandez, Cesar,514917,2020,.273,89.1,4,
Freeman, Freddie,518692,2020,.338,92.4,14.7,
LeMahieu, DJ,518934,2020,.308,91.3,2.9,
Rizzo, Anthony,519203,2020,.265,87.7,7.8,
Garcia, Avisail,541645,2020,.244,87.4,3.8,
Ozuna, Marcell,542303,2020,.312,93,15.4,
Aguilar, Jesus,542583,2020,.271,89.3,7.2,
Crawford, Brandon,543063,2020,.234,88.7,9.4,
Semien, Marcus,543760,2020,.203,86.2,5,
Harper, Bryce,547180,2020,.308,92.5,17.3,
Abreu, Jose,547989,2020,.299,92.9,14.3,
Muncy, Max,571970,2020,.233,88.5,12.4,
Myers, Wil,571976,2020,.282,91,14.8,
Pollock, AJ,572041,2020,.271,89.6,10.5,
Dickerson, Corey,572816,2020,.252,85.7,5.7,
Yastrzemski, Mike,573262,2020,.254,88.2,10.9,
Moran, Colin,592567,2020,.252,91.9,13.4,
Realmuto, J.T.,592663,2020,.246,90.2,13.6,
Merrifield, Whit,593160,2020,.292,86.1,5.1,
Polanco, Jorge,593871,2020,.263,86.6,2.8,
Duvall, Adam,594807,2020,.227,88.1,13.9,
Baez, Javier,595879,2020,.214,89.4,8.1,
Story, Trevor,596115,2020,.252,89.9,8.7,
La Stella, Tommy,600303,2020,.273,88,4.8,
Nunez, Renato,600524,2020,.227,86.3,12.1,
Anderson, Brian,605119,2020,.227,87.4,9.6,
Davis, J.D.,605204,2020,.256,90.1,8.9,
Nimmo, Brandon,607043,2020,.254,87.2,7.7,
Reyes, Franmil,614177,2020,.245,92.4,12.9,
Taylor, Chris,621035,2020,.270,88,11.5,
Correa, Carlos,621043,2020,.254,88.6,5.9,
Alonso, Pete,624413,2020,.222,90.2,12.8,
Frazier, Adam,624428,2020,.250,85.5,4,
Crawford, J.P.,641487,2020,.254,85.8,1.8,
McNeil, Jeff,643446,2020,.276,86.6,2.5,
Schwarber, Kyle,656941,2020,.220,92.8,11.2,
Acuna Jr., Ronald,660670,2020,.254,92.4,16,
Fletcher, David,664058,2020,.292,84.7,0.5,
Gurriel Jr., Lourdes,666971,2020,.280,90.8,11.7,
Hiura, Keston,669374,2020,.209,87.4,14.2,
Lopez, Nicky,670032,2020,.238,84.9,1.5,
Robert, Luis,673357,2020,.223,87.9,13,
Cabrera, Asdrubal,452678,2020,.242,89.5,6.5,
Votto, Joey,458015,2020,.253,87.4,9.1,
Gurriel, Yuli,493329,2020,.262,89.3,3.7,
Segura, Jean,516416,2020,.250,87.7,6.1,
Grandal, Yasmani,518735,2020,.207,90.3,7.6,
Villar, Jonathan,542340,2020,.208,86.6,1.5,
Vazquez, Christian,543877,2020,.221,88.4,4.6,
Wong, Kolten,543939,2020,.241,86.5,0.6,
Castellanos, Nick,592206,2020,.272,91,16,
Rosario, Eddie,592696,2020,.244,87.5,6.2,
Yelich, Christian,592885,2020,.248,94,12.1,
Sano, Miguel,593934,2020,.214,95.2,22.9,
Calhoun, Kole,594777,2020,.258,89.4,11.8,
Lindor, Francisco,596019,2020,.278,89.9,5.6,
Ahmed, Nick,605113,2020,.244,87.7,5.2,
Bell, Josh,605137,2020,.228,91.7,8.6,
Arcia, Orlando,606115,2020,.279,89,5.6,
Hernandez, Teoscar,606192,2020,.294,93.3,18,
Marte, Ketel,606466,2020,.261,89.2,3.7,
Gallo, Joey,608336,2020,.190,91.2,14,
Anderson, Tim,641313,2020,.291,87.2,10.1,
Dozier, Hunter,641531,2020,.233,86.4,8.2,
Lewis, Kyle,641786,2020,.238,88.3,11.7,
McMahon, Ryan,641857,2020,.201,90.1,11.2,
Smith, Dominic,642086,2020,.301,89.8,13.3,
Adames, Willy,642715,2020,.228,88.8,9.9,
Kiner-Falefa, Isiah,643396,2020,.260,87.2,2.2,
Devers, Rafael,646240,2020,.255,93,12.1,
Verdugo, Alex,657077,2020,.238,87,6.4,
Moncada, Yoan,660162,2020,.206,87.8,6.2,
Grisham, Trent,663757,2020,.264,88.3,11.1,
Soto, Juan,665742,2020,.332,92.1,18.3,
Cruz Jr., Nelson,443558,2020,.265,91.6,15,
Blackmon, Charlie,453568,2020,.274,86.9,4.9,
Solano, Donovan,456781,2020,.280,88.5,4.6,
McCutchen, Andrew,457705,2020,.273,89.7,8.2,
Marte, Starling,516782,2020,.262,87.1,6.4,
Hicks, Aaron,543305,2020,.254,88.2,6.9,
Rendon, Anthony,543685,2020,.286,90.1,6.3,
Grichuk, Randal,545341,2020,.266,88.9,11.2,
Ruiz, Rio,547004,2020,.211,87.9,8.5,
Arenado, Nolan,571448,2020,.234,87.8,5.4,
Seager, Kyle,572122,2020,.252,89.1,10.2,
Walker, Christian,572233,2020,.264,90.4,6.4,
Canha, Mark,592192,2020,.238,89.7,7.7,
Alberto, Hanser,593643,2020,.244,82.3,1,
Franco, Maikel,596748,2020,.254,86.7,5.8,
Bradley Jr. Jr., Jackie,598265,2020,.226,88.3,7.6,
Turner, Trea,607208,2020,.299,90.5,9.5,
Ramirez, Jose,608070,2020,.263,88.7,10.2,
Seager, Corey,608369,2020,.326,93.2,15.8,
Swanson, Dansby,621020,2020,.266,89.1,11.4,
Cronenworth, Jake,630105,2020,.321,89.8,10.5,
Robles, Victor,645302,2020,.205,82.2,1.7,
Jimenez, Eloy,650391,2020,.282,92.4,16.5,
White, Evan,657108,2020,.189,91.7,14.1,
Laureano, Ramon,657656,2020,.235,87.7,9.4,
Riley, Austin,663586,2020,.257,91,10,
Lowe, Brandon,664040,2020,.260,89.8,17.5,
Reynolds, Bryan,668804,2020,.227,87.5,10.2,
Edman, Tommy,669242,2020,.265,86.5,3.8,
Solak, Nick,669256,2020,.264,89.9,4.7,
Longoria, Evan,446334,2020,.280,91.7,11.5,
Martinez, J.D.,502110,2020,.228,89.5,11,
Goldschmidt, Paul,502671,2020,.285,89.2,10.7,
Altuve, Jose,514888,2020,.229,86.7,4.6,
Flores, Wilmer,527038,2020,.249,87.9,6.1,
Grossman, Robbie,543257,2020,.239,89,5.5,
Springer III, George,543807,2020,.290,88.7,12.4,
Gregorius, Didi,544369,2020,.262,83.8,4.2,
Trout, Mike,545361,2020,.286,93.7,15,
Suarez, Eugenio,553993,2020,.216,89.1,14.4,
Gonzalez, Erik,570481,2020,.236,88.5,6.7,
Voit III, Luke,572228,2020,.279,88.9,13.1,
Contreras, Willson,575929,2020,.249,89.8,10.4,
Machado, Manny,592518,2020,.302,90.2,11,
Bogaerts, Xander,593428,2020,.257,89,8.6,
Profar, Jurickson,595777,2020,.279,87.2,3.2,
Kepler, Max,596146,2020,.256,88.5,5.1,
Candelario, Jeimer,600869,2020,.275,90.2,10.3,
Betts, Mookie,605141,2020,.281,90.7,7.7,
Tapia, Raimel,606132,2020,.251,85.3,2,
Pillar, Kevin,607680,2020,.268,87.1,5.4,
Mondesi, Adalberto,609275,2020,.213,90.6,7.3,
Olson, Matt,621566,2020,.221,92.3,12.8,
Reyes, Victor,622682,2020,.286,90,3.8,
Biggio, Cavan,624415,2020,.214,87.4,5,
Conforto, Michael,624424,2020,.284,88.4,11,
Bellinger, Cody,641355,2020,.280,89.3,9.4,
Tucker, Kyle,663656,2020,.265,91.1,9.1,
Happ, Ian,664023,2020,.258,91.1,10.3,
Tatis Jr., Fernando,665487,2020,.296,95.9,19.5,
Guerrero Jr., Vladimir,665489,2020,.260,92.5,8.7,
Pujols, Albert,405395,2019,.247,88.3,5.8,
Cabrera, Miguel,408234,2019,.266,90.4,6.7,
Choo, Shin-Soo,425783,2019,.262,91.9,9,
Jones, Adam,430945,2019,.256,86.1,6.7,
Cruz Jr., Nelson,443558,2019,.290,93.7,19.9,
Longoria, Evan,446334,2019,.269,89.7,7.5,
Fowler, Dexter,451594,2019,.247,85.5,7.4,
Cabrera, Asdrubal,452678,2019,.237,89.1,5.7,
Blackmon, Charlie,453568,2019,.294,88.7,8.3,
Cain, Lorenzo,456715,2019,.282,89.5,4.1,
Turner, Justin,457759,2019,.282,90.3,7.8,
Votto, Joey,458015,2019,.254,88.9,6.9,
Gardner, Brett,458731,2019,.228,87.7,3.9,
Braun, Ryan,460075,2019,.263,91.5,9.5,
Gordon, Alex,460086,2019,.252,88.7,5.4,
Andrus, Elvis,462101,2019,.269,88.4,3.5,
Ramos, Wilson,467092,2019,.262,90,4.7,
Santana, Carlos,467793,2019,.265,91.8,9.6,
Belt, Brandon,474832,2019,.241,87.3,8.7,
Brantley Jr., Michael,488726,2019,.286,88.8,5.5,
Gurriel, Yuli,493329,2019,.274,89.3,3.6,
Rojas, Miguel,500743,2019,.271,87.4,2.6,
Escobar, Eduardo,500871,2019,.254,87.8,7,
Davis, Khris,501981,2019,.225,90.2,9.8,
Pham, Tommy,502054,2019,.274,90.9,7.9,
Martinez, J.D.,502110,2019,.295,91.3,11.5,
Reddick, Josh,502210,2019,.267,86.1,3.4,
Goldschmidt, Paul,502671,2019,.253,90.2,11.3,
Altuve, Jose,514888,2019,.260,87.4,8.1,
Hernandez, Cesar,514917,2019,.261,86.1,2.7,
Segura, Jean,516416,2019,.269,88.2,3.2,
Castro, Starlin,516770,2019,.265,88.5,6.2,
Marte, Starling,516782,2019,.289,88.6,8,
Donaldson, Josh,518626,2019,.262,92.9,15.7,
Freeman, Freddie,518692,2019,.290,89.7,12.3,
Grandal, Yasmani,518735,2019,.238,90.7,11.3,
Heyward, Jason,518792,2019,.253,88.8,5.7,
LeMahieu, DJ,518934,2019,.309,91.9,7.5,
Moustakas, Mike,519058,2019,.258,89.5,10.3,
Rizzo, Anthony,519203,2019,.295,89,6.8,
Galvis, Freddy,520471,2019,.234,88.8,5.8,
Garcia, Avisail,541645,2019,.271,89.5,11.7,
Ozuna, Marcell,542303,2019,.280,91.8,12.1,
Villar, Jonathan,542340,2019,.244,88.9,6.8,
Santana, Danny,542454,2019,.277,91.4,9.5,
Crawford, Brandon,543063,2019,.236,87.8,5.4,
Hosmer, Eric,543333,2019,.253,90.8,7.2,
Kipnis, Jason,543401,2019,.253,88.1,5.5,
Rendon, Anthony,543685,2019,.309,90.4,12,
Semien, Marcus,543760,2019,.261,88.9,8.5,
Springer III, George,543807,2019,.276,89.8,14.1,
Vazquez, Christian,543877,2019,.244,89.4,5.9,
Wong, Kolten,543939,2019,.237,86.2,2.2,
Garcia, Leury,544725,2019,.241,88.2,3.8,
Grichuk, Randal,545341,2019,.236,89.3,8.5,
Trout, Mike,545361,2019,.307,90.9,18.9,
Harper, Bryce,547180,2019,.271,91.9,14.8,
Abreu, Jose,547989,2019,.277,92.1,12.6,
Suarez, Eugenio,553993,2019,.243,89.3,13.8,
Santana, Domingo,570267,2019,.245,89,12.1,
Sanchez, Yolmer,570560,2019,.225,87.1,1,
Arenado, Nolan,571448,2019,.270,89.4,8,
Muncy, Max,571970,2019,.261,89.8,12,
Voit III, Luke,572228,2019,.245,89.7,13.2,
Walker, Christian,572233,2019,.262,91.1,13.1,
Iglesias, Jose,578428,2019,.256,84.1,2.3,
Bryant, Kris,592178,2019,.245,87.6,9.3,
Castellanos, Nick,592206,2019,.276,88.9,10.9,
Machado, Manny,592518,2019,.265,91.2,8,
Moran, Colin,592567,2019,.257,88.2,7.4,
Pederson, Joc,592626,2019,.246,91.2,10.3,
Realmuto, J.T.,592663,2019,.273,90.3,8.7,
Rosario, Eddie,592696,2019,.258,89.2,8.5,
Yelich, Christian,592885,2019,.313,93.3,15.8,
Merrifield, Whit,593160,2019,.273,87,4.3,
Bogaerts, Xander,593428,2019,.267,90.5,8.4,
Alberto, Hanser,593643,2019,.274,84.4,2.9,
Polanco, Jorge,593871,2019,.267,88,6.7,
Calhoun, Kole,594777,2019,.239,89.5,11.2,
Eaton, Adam,594809,2019,.252,88.9,3.8,
Profar, Jurickson,595777,2019,.241,86.6,6.2,
Baez, Javier,595879,2019,.262,91.1,12.7,
Lindor, Francisco,596019,2019,.272,91,7.5,
Odor, Rougned,596059,2019,.218,91.1,13.6,
Story, Trevor,596115,2019,.260,91,8.9,
Vogelbach, Daniel,596129,2019,.223,88.8,10.5,
Kepler, Max,596146,2019,.257,89.7,8.9,
Bradley Jr. Jr., Jackie,598265,2019,.224,90.2,9.6,
Nunez, Renato,600524,2019,.252,89.9,10.7,
Ahmed, Nick,605113,2019,.255,87.8,6.6,
Anderson, Brian,605119,2019,.253,89.9,8.9,
Bell, Josh,605137,2019,.282,92.4,12.7,
Betts, Mookie,605141,2019,.304,91,10.3,
Smith, Mallex,605480,2019,.199,85.2,2.2,
Arcia, Orlando,606115,2019,.219,87.9,4.3,
Marte, Ketel,606466,2019,.300,90,9.3,
Turner, Trea,607208,2019,.280,90.4,6.8,
Pillar, Kevin,607680,2019,.261,86.4,4.9,
Ramirez, Jose,608070,2019,.266,89.2,6.3,
Bregman, Alex,608324,2019,.260,89.3,4.8,
Seager, Corey,608369,2019,.254,88.8,7.3,
Reyes, Franmil,614177,2019,.262,93.3,14.8,
Swanson, Dansby,621020,2019,.271,89.9,10.1,
Newman, Kevin,621028,2019,.271,85.3,2.1,
Olson, Matt,621566,2019,.273,92.7,14.5,
Alonso, Pete,624413,2019,.252,90.7,15.8,
Conforto, Michael,624424,2019,.261,89.2,11.6,
Frazier, Adam,624428,2019,.271,87.1,1.9,
Puig, Yasiel,624577,2019,.250,90,9.2,
Soler, Jorge,624585,2019,.273,92.6,16.6,
Meadows, Austin,640457,2019,.282,90.4,12.5,
Anderson, Tim,641313,2019,.287,88.3,5.1,
Bellinger, Cody,641355,2019,.317,91.2,13,
Dozier, Hunter,641531,2019,.255,91,10,
Mancini III, Trey,641820,2019,.277,90.3,10.3,
McMahon, Ryan,641857,2019,.242,91.9,9,
Rosario, Amed,642708,2019,.280,89.3,4.2,
Adames, Willy,642715,2019,.248,88.5,8.4,
Benintendi, Andrew,643217,2019,.260,89.1,8.1,
McNeil, Jeff,643446,2019,.279,88.9,4.8,
Albies, Ozzie,645277,2019,.285,88.9,6.6,
Robles, Victor,645302,2019,.229,83.3,4.8,
Devers, Rafael,646240,2019,.293,92.5,9,
Jimenez, Eloy,650391,2019,.265,91.1,12.8,
Torres, Gleyber,650402,2019,.255,89.1,10.1,
Chapman, Matt,656305,2019,.246,92.7,12.1,
Hoskins, Rhys,656555,2019,.215,89.7,9.7,
Schwarber, Kyle,656941,2019,.262,93.5,14.5,
DeJong, Paul,657557,2019,.230,87,8.4,
Moncada, Yoan,660162,2019,.280,93.1,12.2,
Acuna Jr., Ronald,660670,2019,.279,90.6,15,
Fletcher, David,664058,2019,.288,83.8,0.2,
Guerrero Jr., Vladimir,665489,2019,.256,89.4,7.7,
Soto, Juan,665742,2019,.285,92,12.3,
Reynolds, Bryan,668804,2019,.290,89.5,6.7,